row,movies title ,movies gender ,date
1,Hi-Life,Comedy|Romance,22-May-2018
2,"Undead, The",Fantasy|Horror,27-Apr-2018
3,"South, The (Sur, El)",Drama|Romance,27-May-2018
4,"Crowd, The",Drama,22-Jun-2018
5,"Swan and the Wanderer, The (Kulkuri ja joutsen)",Drama,02-Jun-2018
6,Friday the 13th Part VIII: Jason Takes Manhattan,Horror,02-Dec-2018
7,Addicted to Love,Comedy|Romance,27-Jun-2018
8,Young Thugs: Nostalgia (Kishiwada shônen gurentai: Bôkyô),Drama,18-Oct-2018
9,Hideous Kinky,Drama,02-Sep-2018
10,Harry + Max,Drama,22-Jun-2018
11,Serious Moonlight,Comedy|Crime|Drama|Romance,29-Jul-2018
12,Wing Commander,Action|Sci-Fi,01-Jun-2018
13,Sleepers,Thriller,17-Jul-2018
14,Wonderland,Crime|Drama|Mystery|Thriller,01-Jan-2018
15,"Strawberry Statement, The",Drama|Romance,23-Oct-2018
16,Altered States,Drama|Sci-Fi,10-Jan-2018
17,"Public Enemy, The",Action|Crime|Drama,03-Feb-2018
18,Independencia,Drama,20-Jun-2018
19,Behind Enemy Lines,Action|Drama|War,19-Jul-2018
20,Blazing Saddles,Comedy|Western,05-Oct-2018
21,Bloody Bloody Bible Camp,Comedy|Horror,03-Jul-2018
22,"Flame of New Orleans, The",Comedy|Romance,10-Jul-2018
23,"Navigators, The",Comedy|Drama,09-Jun-2018
24,"New Leaf, A",Comedy|Romance,21-Nov-2018
25,"Simple-Minded Murder, The (Enfaldige mördaren, Den)",Drama,03-Jan-2018
26,Britannia Hospital,Comedy|Drama,18-Jun-2018
27,"Reuben, Reuben",Comedy|Drama|Romance,31-Dec-2017
28,Hide and Seek,Horror|Mystery|Thriller,28-Feb-2018
29,Fear and Loathing in Las Vegas,Adventure|Comedy|Drama,11-Nov-2018
30,Deliver Us from Evil,Crime|Horror|Thriller,26-Sep-2018
31,"Sierra, La",Documentary,04-Jan-2018
32,Rumble Fish,Drama,04-Apr-2018
33,"Big Circus, The",Drama,07-Aug-2018
34,Amore (L'Amore),Drama,11-Aug-2018
35,I Am Ali,Documentary,23-Nov-2018
36,Japon (a.k.a. Japan) (Japón),Drama,22-Apr-2018
37,The Arrival of Joachim Stiller,Drama|Fantasy,29-Dec-2017
38,Palindromes,Adventure|Comedy|Drama,28-Dec-2018
39,Moving,Comedy,17-Jul-2018
40,"Other Son, The (Fils de l'autre, Le)",Drama,07-Sep-2018
41,"Doll, The (Lalka)",Drama|Romance,29-Apr-2018
42,Rashomon (Rashômon),Crime|Drama|Mystery,26-Jan-2018
43,"Last Airbender, The",Action|Adventure|Fantasy,27-Oct-2018
44,Fados,Documentary|Musical,08-Aug-2018
45,Temptress Moon (Feng Yue),Romance,17-Oct-2018
46,Living in Oblivion,Comedy,29-Apr-2018
47,Yentl,Drama|Musical|Romance,06-Feb-2018
48,MC5*: A True Testimonial,Documentary,28-Nov-2018
49,Arguing the World,Documentary,21-Mar-2018
50,Princess Ka'iulani,Drama|Romance,14-Jan-2018
51,"Night Listener, The",Fantasy|Mystery|Thriller,21-May-2018
52,"Tingler, The",Horror,28-May-2018
53,"Art of War II: Betrayal, The",Action|Thriller,23-Feb-2018
54,"Brief Vacation, A (breve vacanza, Una)",Drama|Romance,15-Dec-2018
55,Secret Society,Comedy,10-Feb-2018
56,Calendar Girl,Comedy|Drama,20-Mar-2018
57,Peter Pan,Children|Fantasy|Musical,07-Jan-2018
58,Reality Bites,Comedy|Drama|Romance,28-Jan-2018
59,Popeye,Adventure|Comedy|Musical,26-Oct-2018
60,"I Love You, Alice B. Toklas!",Comedy,03-Nov-2018
61,Leprechaun,Comedy|Horror,29-Oct-2018
62,"Jane Austen Book Club, The",Drama|Romance,31-Aug-2018
63,"Lost Battalion, The",Action|Drama|War,05-Sep-2018
64,"Libertine, The",Drama,30-Nov-2018
65,"Flintstone Kids' Just Say No Special, The",Animation|Children,28-May-2018
66,Tristan & Isolde,Drama|Romance,26-Mar-2018
67,"Inner Life of Martin Frost, The",Comedy|Drama,25-Feb-2018
68,Clonehunter,Sci-Fi,19-Sep-2018
69,Children of the Corn V: Fields of Terror,Horror|Thriller,09-Apr-2018
70,"George Lopez: Tall, Dark & Chicano",Comedy,11-Apr-2018
71,"Ghost and the Darkness, The",Action|Adventure,03-Oct-2018
72,"Fatal Hour, The",Crime|Mystery|Thriller,07-Dec-2018
73,Cracks,Drama|Romance|Thriller,03-Nov-2018
74,Aftershock (Tangshan dadizhen),Drama|IMAX,09-Jan-2018
75,Stalingrad,Drama|War,13-Jun-2018
76,"Glenn, the Flying Robot",Sci-Fi,13-Jun-2018
77,Salaam Bombay!,Drama,11-May-2018
78,Strictly Sexual,Comedy|Drama|Romance,01-Feb-2018
79,"Well Digger's Daughter, The (La fille du puisatier)",Comedy|Drama|Romance,26-Jun-2018
80,Turtles Can Fly (Lakposhtha hâm parvaz mikonand),Drama|War,14-Mar-2018
81,And Nobody Weeps for Me (Und keiner weint mir nach),Drama|Romance,05-Dec-2018
82,Kiss of the Dragon,Action,12-Feb-2018
83,"Curse of Frankenstein, The",Horror,22-May-2018
84,Letters from Iwo Jima,Drama|War,09-Feb-2018
85,Bollywood/Hollywood,Comedy|Drama|Musical|Romance,16-Dec-2018
86,Grace Unplugged,Drama|Musical,20-Mar-2018
87,My Side of the Mountain,Adventure|Children,07-Sep-2018
88,"Rudolph, the Red-Nosed Reindeer",Adventure|Animation|Children|Fantasy|Musical,19-Mar-2018
89,Daisy Kenyon,Drama|Romance,31-Mar-2018
90,The 21 Carat Snatch,Crime,27-Sep-2018
91,Stag Night,Horror|Thriller,21-Dec-2018
92,Camp,Comedy|Musical,02-Dec-2018
93,"Dalton, Les",Comedy|Western,24-Jun-2018
94,"Creeping Terror, The (Crawling Monster, The)",Horror|Sci-Fi,17-May-2018
95,"Billy Blazes, Esq.",Comedy|Western,12-Jun-2018
96,"Last Picture Show, The",Drama,23-Jan-2018
97,Double Vision (Shuang tong),Horror|Mystery|Thriller,06-Oct-2018
98,"Next Karate Kid, The",Action|Children|Romance,26-Feb-2018
99,Slumdog Millionaire,Crime|Drama|Romance,16-Jan-2018
100,Swastika,Documentary,23-Nov-2018
101,Hitch,Comedy|Romance,31-Mar-2018
102,Calling Bulldog Drummond,Crime|Mystery,25-May-2018
103,Steel,Action,15-Jan-2018
104,Royal Wedding,Comedy|Musical|Romance,11-Jan-2018
105,Three Worlds (Trois mondes),Drama,03-Oct-2018
106,Project Grizzly,Documentary,15-Apr-2018
107,"Black Cat, The",Adventure|Crime|Horror|Thriller,12-Jun-2018
108,Butch Cassidy and the Sundance Kid,Action|Western,10-May-2018
109,Where a Good Man Goes (Joi gin a long),Action|Drama|Thriller,27-May-2018
110,Ten Inch Hero,Comedy|Drama|Romance,09-Apr-2018
111,Worlds Apart (To verdener),Drama,06-Nov-2018
112,"Chaser, The (Chugyeogja)",Crime|Drama|Thriller,15-Jun-2018
113,Snow Queen,Adventure|Children|Fantasy,17-Jul-2018
114,"Happy, Happy (Sykt lykkelig)",Comedy|Drama,12-Jul-2018
115,Alpha and Omega,Adventure|Animation|Children|Comedy|Romance,16-Dec-2018
116,"Employment, The (Empleo, El)",Animation|Comedy|Drama,05-Apr-2018
117,"Ten Commandments, The",Drama,15-Jul-2018
118,"Umbrellas of Cherbourg, The (Parapluies de Cherbourg, Les)",Drama|Musical|Romance,15-Jul-2018
119,In a Better World (Hævnen),Drama,19-Nov-2018
120,I'm Not Scared (Io non ho paura),Drama|Mystery|Thriller,11-Nov-2018
121,"Funeral, The",Crime|Drama,23-Nov-2018
122,Michael Jackson: Life of a Superstar,Documentary,15-Jan-2018
123,One Body Too Many,Comedy|Horror|Mystery,22-Jul-2018
124,Frances,Drama,15-Jul-2018
125,Potiche,Comedy,08-Mar-2018
126,Fantastic Four: Rise of the Silver Surfer,Action|Adventure|Sci-Fi,27-Aug-2018
127,Freakonomics,Documentary,04-Sep-2018
128,Little Black Book,Comedy|Romance,13-Mar-2018
129,"View from the Top, A",Comedy|Romance,10-Mar-2018
130,Either Way (Á annan veg),Comedy|Drama,07-May-2018
131,Drillbit Taylor,Comedy,12-Dec-2018
132,Casanova's Big Night,Adventure|Comedy,13-Sep-2018
133,Paradise,Comedy|Drama,15-Mar-2018
134,Highwaymen,Action|Crime|Thriller,10-Feb-2018
135,Z,Drama|Mystery|Thriller,06-Jul-2018
136,That Man from Rio,Action|Adventure|Comedy|Romance,04-Jul-2018
137,"Guilt Trip, The",Comedy,04-Feb-2018
138,For My Father (Sof Shavua B'Tel Aviv),Drama,29-Apr-2018
139,Tenderness,Crime|Drama|Thriller,26-May-2018
140,Cremaster 3,Drama,19-Dec-2018
141,Dracula: Pages from a Virgin's Diary,Horror|Mystery,18-Jan-2018
142,How to Be a Serial Killer,Comedy|Crime|Horror,07-Mar-2018
143,Suzy,Drama,14-Jan-2018
144,Head-On (Gegen die Wand),Drama|Romance,13-Mar-2018
145,"Deep Blue Sea, The",Drama|Romance,25-Jul-2018
146,"Mahabharata, The",Action|Drama|War,18-Nov-2018
147,Shottas,Action|Crime|Drama,02-Mar-2018
148,Ween Live in Chicago,Documentary,15-Nov-2018
149,Curdled,Crime,12-Sep-2018
150,"Manson Family, The",Crime|Drama|Horror,31-Jul-2018
151,Boats,Comedy,09-Aug-2018
152,American Zombie,Comedy|Horror,04-Aug-2018
153,Criminal Lovers,Crime|Drama|Romance|Thriller,27-Aug-2018
154,Hollow Reed,Drama,02-Mar-2018
155,Timeline,Action|Adventure|Sci-Fi,19-Mar-2018
156,Zero Kelvin (Kjærlighetens kjøtere),Drama,16-Nov-2018
157,Casablanca,Drama|Romance,10-Jan-2018
158,"Man from Beyond, The",Mystery,28-Jul-2018
159,Bend of the River,Western,04-Jan-2018
160,Oxford Blues,Comedy|Drama,26-Sep-2018
161,Looking Forward,Drama,03-Jun-2018
162,"Nasty Girl, The (schreckliche Mädchen, Das)",Comedy|Drama,26-Apr-2018
163,Miracles - Mr. Canton and Lady Rose,Action|Comedy|Crime|Drama,17-Sep-2018
164,Ganes,Drama|Musical,21-Apr-2018
165,Lucky,Documentary,20-Jan-2018
166,Once a Thief (Zong heng si hai),Action|Comedy|Crime|Thriller,21-Feb-2018
167,1612: Khroniki smutnogo vremeni,Drama|Fantasy|War,13-May-2018
168,Show People,Comedy|Romance,05-Oct-2018
169,"Amour fou, L'",Drama,20-Jul-2018
170,Flashdance,Drama|Romance,12-Jan-2018
171,Paranormal Activity 3,Horror,03-May-2018
172,Body Heat,Crime|Thriller,15-Aug-2018
173,6 Days to Air: The Making of South Park,Documentary,07-Jan-2018
174,"Taming of the Shrew, The",Comedy,04-Nov-2018
175,Dream Boy,Drama|Romance,31-Jul-2018
176,Welcome to Mooseport,Comedy,19-Sep-2018
177,Divergent,Adventure|Romance|Sci-Fi|IMAX,19-Jan-2018
178,Mystery of the Wax Museum,Horror,17-Oct-2018
179,Fear Me Not (Den du frygter),Drama|Thriller,15-Jul-2018
180,Kites,Action|Drama|Romance,08-Mar-2018
181,Dolls,Drama|Romance,26-Feb-2018
182,Men Cry Bullets,Comedy|Drama,14-May-2018
183,Colt Comrades,Western,12-Nov-2018
184,Desi Boyz,Comedy|Drama,13-Feb-2018
185,"Bucket Of Blood, A",Comedy|Horror,09-Nov-2018
186,"Killing, The",Crime|Film-Noir,06-Oct-2018
187,Whirlpool,Crime|Drama|Film-Noir|Mystery,01-Apr-2018
188,Alex in Wonderland,Comedy|Drama,21-Dec-2018
189,"American Nightmare, The",Documentary,23-Sep-2018
190,"Inconvenient Truth, An",Documentary,15-Dec-2018
191,Witch's Night Out,Animation|Children,26-Jul-2018
192,Badding,Comedy|Drama|Musical,02-Apr-2018
193,Elephant,Drama,10-Apr-2018
194,More American Graffiti,Comedy,01-Jan-2018
195,Benjamin Blümchen - Seine schönsten Abenteuer,(no genres listed),20-Jun-2018
196,Leatherface: Texas Chainsaw Massacre III,Comedy|Horror|Thriller,09-Oct-2018
197,"Bonaerense, El",Action|Drama,10-Aug-2018
198,In Their Sleep (Dans ton sommeil),Horror|Thriller,02-Nov-2018
199,Star Wars: Episode II - Attack of the Clones,Action|Adventure|Sci-Fi|IMAX,26-Nov-2018
200,"East, West, East: The Final Sprint",Comedy|Drama,08-Jan-2018
201,Wend Kuuni (a.k.a. God's Gift),Drama,17-Nov-2018
202,Games of Love and Chance (L'esquive),Drama|Romance,28-Sep-2018
203,Different for Girls,Comedy,17-Mar-2018
204,Flirting With Disaster,Comedy,03-Aug-2018
205,Leprechaun 3,Comedy|Fantasy|Horror,16-Apr-2018
206,Besieged (a.k.a. L' Assedio),Drama,10-Feb-2018
207,Grassroots,Comedy|Drama,21-Jul-2018
208,Daddy and Them,Comedy|Drama,22-Apr-2018
209,Easy Virtue,Drama,17-Feb-2018
210,Lion of the Desert,War,07-Jan-2018
211,"Well Digger's Daughter, The (La fille du puisatier)",Comedy|Drama|Romance,19-Jun-2018
212,"Claim, The",Romance|Western,17-Jun-2018
213,Ringu 2 (Ring 2),Horror|Mystery,10-Sep-2018
214,WikiRebels: The Documentary,Documentary,03-Nov-2018
215,Métisse (Café au Lait),Comedy|Drama,02-May-2018
216,Right Now (À tout de suite),Crime|Drama|Romance|Thriller,04-Dec-2018
217,Messengers 2: The Scarecrow,Horror|Mystery,06-Jun-2018
218,"Amor brujo, El (Love Bewitched, A)",Drama|Musical,19-Jul-2018
219,Shrek the Halls,Adventure|Animation|Comedy|Fantasy,04-Jan-2018
220,Fay Grim,Action|Thriller,16-Nov-2018
221,Red Line 7000,Action|Drama,11-Jun-2018
222,"Lacemaker, The (Dentellière, La)",Drama|Romance,30-Dec-2017
223,Honeymoon,Comedy|Romance,05-Jan-2018
224,2 Days in the Valley,Crime|Film-Noir,06-Sep-2018
225,Atragon (Kaitei Gunkan),Adventure|Sci-Fi,29-Jan-2018
226,"Toughest Man in the World, The",Comedy|Drama,27-May-2018
227,Letter from Siberia,(no genres listed),06-Aug-2018
228,"Largo Winch (Heir Apparent: Largo Winch, The)",Adventure|Thriller,21-Feb-2018
229,Carnival of Souls,Horror|Thriller,10-Feb-2018
230,On the Occasion of Remembering the Turning Gate (Saenghwalui balgyeon),Drama,31-Oct-2018
231,Appropriate Adult,Drama,22-Sep-2018
232,Doppelganger (Dopperugengâ),Comedy|Thriller,11-Jan-2018
233,Lisbela e o Prisioneiro (Lisbela and the Prisoner),Comedy|Romance,05-Apr-2018
234,Mother's Day,Comedy|Horror,05-Feb-2018
235,Under the Yum Yum Tree,Comedy,08-Aug-2018
236,Grand Piano,Mystery|Thriller,29-Jan-2018
237,"Hangover Part II, The",Comedy,05-Jan-2018
238,"Act of Seeing with One's Own Eyes, The ",Documentary,28-Dec-2018
239,Tuesdays with Morrie,Drama,24-Oct-2018
240,Camouflage,Action|Comedy,26-Aug-2018
241,To Live and Die in L.A.,Action|Crime|Drama|Thriller,16-Jan-2018
242,Jew Süss (Jud Süß),Drama,25-Feb-2018
243,24 7: Twenty Four Seven,Comedy|Drama,20-Mar-2018
244,Force of Execution,Action|Crime,04-Apr-2018
245,Take the Trash,Comedy,31-Aug-2018
246,"Devil's Backbone, The (Espinazo del diablo, El)",Drama|Fantasy|Horror|Thriller|War,05-Jul-2018
247,Butley,Drama,09-Nov-2018
248,Quartet,Drama|Romance,06-May-2018
249,Up in Smoke,Comedy,10-Dec-2018
250,The Beautiful Story,Adventure|Drama|Fantasy,08-Mar-2018
251,Doppelganger,Horror|Thriller,03-Aug-2018
252,Lessons of Darkness (Lektionen in Finsternis),Documentary|War,28-Jun-2018
253,A Night at the Movies: The Suspenseful World of Thrillers,Documentary,28-Nov-2018
254,Gacy,Crime|Drama|Horror|Thriller,30-Aug-2018
255,Down to You,Comedy|Romance,26-May-2018
256,Semper Fi,Action|Drama,12-Jan-2018
257,I'm Not There,Drama,17-Jun-2018
258,Snow White (Blancanieves),Drama,21-Nov-2018
259,Mad Dog Time,Crime,27-Jun-2018
260,"State Witness, The (Swiadek koronny)",Action|Crime|Drama,29-May-2018
261,Ice Soldiers,Action|Sci-Fi,22-Jun-2018
262,"Money Money Money (L'aventure, c'est l'aventure)",Adventure|Comedy,01-Apr-2018
263,Blue,Drama,24-Jun-2018
264,Taxi 3,Action|Comedy,16-Aug-2018
265,Invictus,Drama,24-Aug-2018
266,Where the Red Fern Grows,Drama,20-Mar-2018
267,Topaze,Comedy,20-Nov-2018
268,Storage 24,Horror|Sci-Fi,15-Sep-2018
269,Where Do We Go Now?,Comedy|Drama,08-Apr-2018
270,"Manson Family, The",Crime|Drama|Horror,07-Oct-2018
271,Vampire Journals,Fantasy|Horror,20-Mar-2018
272,"Lottery, The",Documentary|Drama,13-Feb-2018
273,Valley of Head Hunters,Adventure,18-Aug-2018
274,Gold Diggers: The Secret of Bear Mountain,Adventure|Children,07-Oct-2018
275,Adam Resurrected,Drama|War,29-Nov-2018
276,Sin City,Action|Crime|Film-Noir|Mystery|Thriller,21-Jun-2018
277,Cat Soup (Nekojiru-so),Adventure|Animation|Drama|Horror,07-May-2018
278,Wu Tang Master (Tian shi zhuang xie),Action,30-Sep-2018
279,"Resident, The",Drama|Horror|Thriller,09-Jan-2018
280,"Last of England, The",Drama,29-Jun-2018
281,All's Faire in Love,Comedy,20-Jan-2018
282,Beverly Hills Chihuahua 3,Adventure|Children|Comedy,17-May-2018
283,Jack Frost,Children,26-Feb-2018
284,He Loves Me... He Loves Me Not (À la folie... pas du tout),Romance|Thriller,10-Feb-2018
285,"Wildcat, The (Die Bergkatze)",Comedy|Drama|Romance,26-Sep-2018
286,Anthony Adverse,Adventure|Romance,01-Apr-2018
287,Spy Hard,Comedy,14-Oct-2018
288,American Ninja 3: Blood Hunt,Action|Adventure,31-Dec-2017
289,Great Directors,Documentary,29-Apr-2018
290,Commandments,Romance,19-Feb-2018
291,"Edward, My Son",Drama,28-Dec-2018
292,Man of the House,Comedy,16-Aug-2018
293,"Fall of the Roman Empire, The",Drama,06-Sep-2018
294,"Langoliers, The",Drama|Fantasy|Horror|Mystery|Sci-Fi|Thriller,10-Jul-2018
295,Masked & Anonymous,Comedy|Drama,13-May-2018
296,Spawn,Action|Adventure|Sci-Fi|Thriller,02-Jan-2018
297,Frailty,Crime|Drama|Thriller,12-Jun-2018
298,Barefoot Gen 2 (Hadashi no Gen II),Animation|Drama|War,20-Apr-2018
299,City Under Siege (Chun sing gai bei),Action|Sci-Fi,02-Nov-2018
300,Welcome to Macintosh,Documentary,14-Aug-2018
301,Kanak Attack,Drama,15-Aug-2018
302,Plans for Tomorrow (Planes para mañana),Drama,19-Sep-2018
303,"German Doctor, The (Wakolda)",Drama|Thriller,17-Jun-2018
304,"Human Behavior Experiments, The",Documentary,03-Oct-2018
305,Spaceballs,Comedy|Sci-Fi,08-Apr-2018
306,"Enemy of the People, An",Drama,03-Nov-2018
307,When in Rome,Children|Comedy,01-Oct-2018
308,"Lost Skeleton Returns Again, The",Comedy,25-Jun-2018
309,Remington and the Curse of the Zombadings,Comedy|Drama|Horror,19-Dec-2018
310,The Apocalypse,Action|Drama,18-Mar-2018
311,Three Colors: Blue (Trois couleurs: Bleu),Drama,21-May-2018
312,Presumed Guilty (Presunto culpable),Crime|Documentary,13-Feb-2018
313,Clifford's Really Big Movie,Animation|Children,15-Dec-2018
314,Ballerina (La mort du cygne),Children|Drama|Romance,16-May-2018
315,I'm Still Here,Comedy|Drama,28-Jul-2018
316,"Eddy Duchin Story, The",Drama|Musical|Romance,02-Nov-2018
317,By the Light of the Silvery Moon,Children|Musical|Romance,02-Sep-2018
318,Since You Went Away,Drama|War,29-Mar-2018
319,Santa Fe,Action|Romance|Western,15-Aug-2018
320,Bully,Documentary,19-Jun-2018
321,Giorgino,Adventure|Drama|Horror,12-Dec-2018
322,Manson,Documentary,01-Feb-2018
323,"Vitelloni, I (a.k.a. The Young and the Passionate)",Drama,09-Jun-2018
324,"House Is Black, The",Documentary,15-Jul-2018
325,Miracle on 34th Street,Comedy|Drama,05-Apr-2018
326,Killer (Tueur à gages),Action|Crime|Thriller,01-Jun-2018
327,Intimate Enemies (L'ennemi intime),Drama|War,27-Jan-2018
328,"Devil's Chair, The",Horror,03-Nov-2018
329,Passion Play,Drama|Romance,23-Jan-2018
330,"Blossoming of Maximo Oliveros, The (Ang pagdadalaga ni Maximo Oliveros)",Comedy|Drama,03-Mar-2018
331,711 Ocean Drive,Crime|Drama|Film-Noir|Thriller,19-Jun-2018
332,Kickboxer 3: The Art of War (Kickboxer III: The Art of War),Action|Thriller,03-Jun-2018
333,Ugetsu (Ugetsu monogatari),Drama|Thriller,26-Jun-2018
334,April Story,Romance,29-Dec-2017
335,Wind Chill,Drama|Horror|Thriller,16-Jan-2018
336,Rise of the Guardians,Adventure|Animation|Fantasy|IMAX,03-Sep-2018
337,Pooh's Heffalump Movie,Animation|Children,27-Feb-2018
338,The Prince,Action|Thriller,28-May-2018
339,American Psycho II: All American Girl,Comedy|Crime|Horror|Mystery|Thriller,09-Apr-2018
340,AKA,Drama,06-Sep-2018
341,Beyond Tomorrow (Beyond Christmas),Drama|Fantasy|Romance,29-Sep-2018
342,"Exterminating Angel, The (Ángel exterminador, El)",Comedy|Drama|Fantasy|Mystery,23-Jun-2018
343,"Horseman on the Roof, The (Hussard sur le toit, Le)",Drama|Romance,11-Dec-2018
344,Little Odessa,Crime|Drama,24-Oct-2018
345,Blackbird,Drama,28-Oct-2018
346,"Music Man, The",Children|Comedy|Musical|Romance,30-Jul-2018
347,"Rocky Saga: Going the Distance, The",Documentary,01-Jul-2018
348,"General, The",Comedy|War,09-Nov-2018
349,"School of Flesh, The (École de la chair, L')",Drama|Romance,17-Apr-2018
350,Last Holiday,Comedy,26-Mar-2018
351,Long John Silver,Action|Adventure,25-Dec-2018
352,"Love Letter, The",Comedy|Romance,16-Feb-2018
353,Half Past Dead,Action|Crime|Thriller,08-Nov-2018
354,Blind Justice (Hævnens nat),Drama|Mystery|Thriller,19-Mar-2018
355,Loputon Gehennan liekki,Documentary,05-Mar-2018
356,Hello Mary Lou: Prom Night II,Horror,18-Jul-2018
357,"Razor's Edge, The",Drama,17-Oct-2018
358,Food of the Gods II,Horror|Sci-Fi,04-Jul-2018
359,"Short Film About Killing, A (Krótki film o zabijaniu)",Crime|Drama,30-May-2018
360,Sea Fog,Drama,06-May-2018
361,Jamilya,Drama|Romance|War,16-May-2018
362,My House in Umbria,Drama,24-Jan-2018
363,OMG Oh My God!,Comedy|Drama,10-Mar-2018
364,Fubar,Comedy,20-Jul-2018
365,Bully,Crime|Drama|Thriller,21-Nov-2018
366,Black Like Me,Drama,17-Aug-2018
367,Phish: Bittersweet Motel,Documentary,26-Mar-2018
368,Moscow Does Not Believe in Tears (Moskva slezam ne verit),Drama|Romance,27-Dec-2018
369,Dead Alive (Braindead),Comedy|Fantasy|Horror,03-Mar-2018
370,"Cat's-Paw, The",Comedy,18-Aug-2018
371,First Men in the Moon,Adventure|Sci-Fi,14-Mar-2018
372,"Hot Dog Program, A",Documentary,15-Nov-2018
373,Syndromes and a Century (Sang sattawat),Drama,10-Aug-2018
374,"Mummy: Tomb of the Dragon Emperor, The",Action|Adventure|Fantasy|Thriller,25-Sep-2018
375,"Dinosaur Project, The",Adventure,01-Sep-2018
376,Stone of Destiny,Adventure|Comedy|Crime|Drama,17-May-2018
377,"Murder of Crows, A",Action|Crime|Thriller,19-Dec-2018
378,Ju-on: The Beginning of the End (Ju-on: Owari no hajimari),Horror,21-Jun-2018
379,Belle toujours,Drama,10-Jan-2018
380,Maps to the Stars,Drama,28-Dec-2018
381,Maps to the Stars,Drama,28-May-2018
382,Daar,Drama|Horror|Mystery|Romance|Thriller,04-Apr-2018
383,"Paris, I Love You (Paris, je t'aime)",Romance,29-Jun-2018
384,That Day (Ce jour-là),Comedy|Crime|Drama|Mystery,07-Dec-2018
385,American Pie Presents: Band Camp (American Pie 4: Band Camp),Comedy,16-Nov-2018
386,Doggiewoggiez! Poochiewoochiez!,Comedy,28-Nov-2018
387,"Story of Temple Drake, The",Drama,05-Feb-2018
388,Angel,Drama,01-May-2018
389,Nils Karlsson Pyssling,Children,13-Nov-2018
390,This Island Earth,Sci-Fi,23-Apr-2018
391,Bruna Surfistinha,Drama,18-Nov-2018
392,Most Wanted,Action|Thriller,06-Oct-2018
393,Youth of the Son,Drama,16-Jan-2018
394,"Dolly Sisters, The",Drama|Musical|Romance,26-May-2018
395,High School Musical 2,Comedy|Drama|Musical|Romance,24-Aug-2018
396,The Vixen,Comedy,14-Jun-2018
397,The Coven,Fantasy|Horror,10-Feb-2018
398,Possessed,Drama|Film-Noir,30-May-2018
399,"Solitude of Prime Numbers, The",Drama,20-Feb-2018
400,Dorian Blues,Comedy,14-Dec-2018
401,Sittin' on a Backyard Fence,(no genres listed),12-Sep-2018
402,"'burbs, The",Comedy,11-Dec-2018
403,Madeline,Children|Comedy,20-Aug-2018
404,"Architecture of Doom, The (Undergångens arkitektur)",Documentary|War,14-Jun-2018
405,14 Hours (Fourteen Hours),Drama|Film-Noir|Thriller,05-Jun-2018
406,"Flintstones in Viva Rock Vegas, The",Children|Comedy,25-Sep-2018
407,"Arrival, The",Action|Sci-Fi|Thriller,08-Apr-2018
408,North Country,Drama,31-Mar-2018
409,"What's Up, Doc?",Comedy,29-Sep-2018
410,Shepard & Dark,Documentary,13-Sep-2018
411,Supercop 2 (Project S) (Chao ji ji hua),Action|Comedy|Crime|Thriller,26-Feb-2018
412,Werewolf of London,Drama|Fantasy|Horror|Sci-Fi,21-May-2018
413,Charlie Chan in London,Drama|Mystery,23-Oct-2018
414,"Devil at 4 O'Clock, The",Drama,18-Feb-2018
415,"Horde, The (La Horde)",Action|Horror|Thriller,26-Jun-2018
416,Miracles,Comedy,25-Sep-2018
417,Dolan's Cadillac,Crime|Thriller,05-Aug-2018
418,"Black Dahlia, The",Crime|Drama|Mystery|Thriller,06-Nov-2018
419,Calvary,Comedy|Drama,17-Dec-2018
420,Lazybones,Action|Comedy|Drama|Romance|War,25-Sep-2018
421,"Tender Hook, The (Boxer and the Bombshell, The)",Crime|Drama|Mystery,19-Apr-2018
422,He Got Game,Drama,31-Aug-2018
423,Another Harvest Moon,Drama,30-Nov-2018
424,Psycho,Crime|Horror,06-Oct-2018
425,Reconstruction (Anaparastasi),Crime|Drama,01-May-2018
426,Modify ,Documentary,23-Mar-2018
427,Year of the Jellyfish (L'année des méduses),Drama,03-Sep-2018
428,Rawhead Rex,Horror|Thriller,12-Dec-2018
429,"Princess for Christmas, A",Children|Comedy,15-Jun-2018
430,Goldene Zeiten,Comedy|Crime|Drama,12-Sep-2018
431,Pure One (Pakeezah),Drama|Musical|Romance,12-Sep-2018
432,Hollow Triumph (a.k.a. The Scar),Crime|Drama|Film-Noir,02-Jul-2018
433,Caveman,Comedy,28-Jul-2018
434,Major Dundee,Adventure|War|Western,03-Mar-2018
435,Back to the Future,Adventure|Comedy|Sci-Fi,04-Sep-2018
436,Stagecoach,Action|Drama|Romance|Western,02-Jul-2018
437,Jungleground,Action|Sci-Fi|Thriller,15-May-2018
438,First Descent,Documentary,01-Jul-2018
439,"Filth and the Fury, The",Documentary,30-Oct-2018
440,Red Riding: 1983,Crime|Drama|Mystery,19-Mar-2018
441,On Tour (Tournée),Comedy|Drama,18-Mar-2018
442,Osaka Elegy (Naniwa erejî),Drama,07-Nov-2018
443,Women in Trouble,Comedy,29-Oct-2018
444,Dogville,Drama|Mystery|Thriller,05-May-2018
445,Sexmission (Seksmisja),Adventure|Comedy|Sci-Fi,11-Dec-2018
446,"Punisher, The",Action|Crime|Thriller,21-Jul-2018
447,Cold Comfort Farm,Comedy,14-Feb-2018
448,Right at Your Door,Drama|Thriller,13-Dec-2018
449,Canned Dreams (Säilöttyjä unelmia),Documentary,15-Sep-2018
450,Two Sons of Francisco (2 Filhos de Francisco - A História de Zezé di Camargo & Luciano),Drama,15-Nov-2018
451,Let the Bullets Fly,Action|Comedy,01-Sep-2018
452,Fighting Elegy (Kenka erejii),Action|Comedy,07-Jul-2018
453,Confessions of a Dangerous Mind,Comedy|Crime|Drama|Thriller,23-May-2018
454,Cousin Bette,Comedy,03-May-2018
455,Eraserhead,Drama|Horror,16-Feb-2018
456,Happy Times (Xingfu shiguang),Comedy|Drama,27-Oct-2018
457,Father and Guns (De père en flic),Comedy|Crime,19-May-2018
458,Percy Jackson: Sea of Monsters,Adventure|Children|Fantasy,01-Apr-2018
459,"Pajama Game, The",Comedy|Musical|Romance,03-Apr-2018
460,Starship Invasions,Sci-Fi,21-Jan-2018
461,"Edison, the Man",Drama,06-Oct-2018
462,Prince of Foxes,Adventure|Drama,09-Mar-2018
463,Daniel Deronda,Drama|Romance,07-Nov-2018
464,Animal Love (Tierische Liebe),Documentary,26-Mar-2018
465,"Turkish Dance, Ella Lola",(no genres listed),26-Oct-2018
466,"Green Berets, The",Action|Drama|War,15-Jan-2018
467,Living Will...,Comedy,25-Jan-2018
468,"Witches, The (Le streghe)",Comedy|Drama|Romance,11-Feb-2018
469,"Nature of the Beast, The",Crime|Horror|Mystery|Thriller,18-Sep-2018
470,Becky Sharp,Drama|Romance|War,30-Jan-2018
471,Little Big League,Comedy|Drama,01-Jul-2018
472,"Revisionaries, The",Documentary,16-Sep-2018
473,Invisible Invaders,Horror|Sci-Fi,26-Jul-2018
474,"That Day, on the Beach (Hai tan de yi tian)",Drama,19-Feb-2018
475,"Ice Rink, The (La patinoire)",Comedy|Romance,23-Nov-2018
476,"Good Earth, The",Drama,25-Dec-2018
477,Blindness,Drama|Mystery|Romance|Thriller,20-Aug-2018
478,Chapter 27,Crime|Drama,05-Oct-2018
479,Grandma's Boy,Action|Comedy|Romance,01-Oct-2018
480,"Perfect Murder, A",Thriller,23-Jun-2018
481,Sheep Eaters (Lampaansyöjät),Comedy|Drama,09-Jul-2018
482,Lionheart,Action,12-Dec-2018
483,Tom Sawyer,Adventure,15-Oct-2018
484,Sarah's Key (Elle s'appelait Sarah),Drama,02-Apr-2018
485,Keith Lemon: The Film,Comedy,04-Apr-2018
486,"Follow Me, Boys!",Comedy|Drama,01-Jul-2018
487,Rosario Tijeras,Crime|Drama|Romance,13-May-2018
488,"Illusionist, The (L'illusionniste)",Animation,31-Oct-2018
489,Ricky Gervais Live 2: Politics,Comedy,06-Oct-2018
490,Pretty Persuasion,Comedy|Drama,20-Jun-2018
491,He Who Dares,Action,14-Jul-2018
492,Earthlings,Documentary,11-Jul-2018
493,London,Documentary,19-Sep-2018
494,"Razor's Edge, The",Drama,12-Apr-2018
495,"Khroustaliov, My Car! (Khrustalyov, mashinu!)",Comedy|Drama,19-Jan-2018
496,Smilla's Sense of Snow,Drama|Thriller,27-Jan-2018
497,"Gumball Rally, The",Adventure|Comedy,18-Feb-2018
498,"Road to Brown, The",Documentary,13-Nov-2018
499,Harvie Krumpet,Animation|Comedy|Drama,01-Feb-2018
500,"Flamingo Kid, The",Comedy|Drama,21-Jan-2018
501,5 Centimeters per Second (Byôsoku 5 senchimêtoru),Animation|Drama|Romance,15-Feb-2018
502,"High Wind in Jamaica, A",Adventure|Drama,14-Jul-2018
503,Night of the Zombies (a.k.a. Hell of the Living Dead) (Virus),Action|Horror|Thriller,17-Feb-2018
504,"Smile Like Yours, A",Comedy|Romance,19-Apr-2018
505,Wrong Rosary (Uzak ihtimal),Drama,23-Feb-2018
506,Big Fan,Comedy|Crime|Drama,22-Nov-2018
507,Happy Go Lovely,Musical,03-Feb-2018
508,Afterwards,Mystery,30-Nov-2018
509,Pardes,Action|Comedy|Musical|Romance,14-Mar-2018
510,Strange Days,Action|Crime|Drama|Mystery|Sci-Fi|Thriller,17-May-2018
511,Paris,Comedy|Drama|Romance,20-Mar-2018
512,Woman on Top,Comedy|Romance,15-May-2018
513,History of the World: Part I,Comedy|Musical,25-Oct-2018
514,"Nada Gang, The (Nada)",Thriller,05-Dec-2018
515,"Romance of Astrea and Celadon, The (Les amours d'Astrée et de Céladon)",Drama|Romance,15-Sep-2018
516,Dr. Phibes Rises Again,Adventure|Comedy|Horror|Romance,14-Mar-2018
517,Blankman,Comedy,29-Aug-2018
518,Midnight Chronicles,Action|Adventure|Fantasy,19-Jul-2018
519,Sex Positive,Documentary,08-Jan-2018
520,King of Beggars (Mo jong yuen So Hat-Yi),Action|Comedy|Drama,17-Dec-2018
521,Scary Movie 3,Comedy|Horror,16-Jan-2018
522,Buried Alive II,Horror|Thriller,04-Oct-2018
523,Dragon Day,Drama|Sci-Fi|Thriller,13-Nov-2018
524,Major League,Comedy,30-Dec-2017
525,Beyond the Poseidon Adventure,Adventure,10-May-2018
526,Commander Hamilton (Hamilton),Action|Crime,06-May-2018
527,Tomie: Unlimited,Horror,06-Feb-2018
528,Inglourious Basterds,Action|Drama|War,24-Dec-2018
529,Waking Madison ,Drama,29-Jul-2018
530,Thor: Tales of Asgard,Animation,11-Apr-2018
531,Daria: Is It Fall Yet?,Animation|Comedy,26-Dec-2018
532,Ghoulies,Horror,11-May-2018
533,Taipei Exchanges (Di 36 ge gu shi),Comedy|Drama,27-Apr-2018
534,G.I. Joe: Operation Dragonfire,Action|Animation,23-Dec-2018
535,"Crying Game, The",Drama|Romance|Thriller,13-Jan-2018
536,Bigfoot Lives,Adventure|Documentary|Drama,08-Apr-2018
537,Hot Tub Time Machine 2,Comedy|Sci-Fi,02-Dec-2018
538,3 on a Couch (Three on a Couch),Comedy|Romance,18-Mar-2018
539,Spider,Action|Drama,08-Dec-2018
540,Where Angels Fear to Tread,Drama,13-Mar-2018
541,Perils of the Sentimental Swordsman,Action|Adventure|Fantasy,13-Dec-2018
542,Heartbeat,Comedy,20-Jan-2018
543,"Big Hand for the Little Lady, A",Comedy|Drama|Western,10-Feb-2018
544,Must Have Been Love,Drama|Romance,25-Feb-2018
545,Russia's Toughest Prisons (National Geographic),Documentary,23-Jun-2018
546,Alone in the Dark II,Action|Horror,29-Nov-2018
547,Desert Heat (Inferno),Action,23-Dec-2018
548,Here Comes the Groom,Comedy|Musical|Romance,04-Aug-2018
549,"Woodmans, The",Documentary,08-May-2018
550,"Thief, The (Vor)",Drama,07-Jun-2018
551,"Rocket, The",Drama,01-Apr-2018
552,"Celebration, The (Festen)",Drama,27-Feb-2018
553,Enemy Mine,Adventure|Drama|Sci-Fi,01-Feb-2018
554,"Foreign Affair, A (2 Brothers & a Bride)",Comedy|Drama|Romance,27-Dec-2018
555,"Small Circle of Friends, A",Drama,25-Feb-2018
556,Soundtracker,(no genres listed),03-Sep-2018
557,Baby Take a Bow,Children|Comedy|Drama,17-Sep-2018
558,"Possession, The",Horror|Thriller,13-Jun-2018
559,Flowers of Shanghai (Hai shang hua),Drama,10-Sep-2018
560,Machete,Action|Adventure|Comedy|Crime|Thriller,22-Nov-2018
561,King Kelly,Drama,12-Apr-2018
562,Johnny Belinda,Drama,01-Aug-2018
563,Lies My Father Told Me,Children|Drama,04-May-2018
564,Caltiki the Undying Monster,Adventure|Horror|Sci-Fi|Thriller,11-Jul-2018
565,Merlin,Action|Adventure|Drama|Fantasy|Romance,27-Nov-2018
566,"Catechism Cataclysm, The",Comedy,30-Mar-2018
567,Yesterday's Enemy,Drama|War,25-Mar-2018
568,Something for Everyone,Comedy|Crime,19-Apr-2018
569,"Invisible War, The",Crime|Documentary|Drama|War,02-Nov-2018
570,My Life in Ruins,Comedy,23-Jan-2018
571,External Affairs,Drama,25-May-2018
572,Booty Call,Comedy|Romance,13-Aug-2018
573,The Way He Looks,Drama|Romance,13-Apr-2018
574,Observe and Report,Action|Comedy,18-Jun-2018
575,"Think Fast, Mr. Moto",Crime|Drama|Mystery|Thriller,06-Oct-2018
576,"Relic, The",Horror|Thriller,09-Jun-2018
577,"Bread, My Sweet, The (a.k.a. Wedding for Bella, A)",Drama|Romance,16-Feb-2018
578,Kites,Action|Drama|Romance,11-Oct-2018
579,"Company You Keep, The",Thriller,04-Aug-2018
580,Kronos (a.k.a. Captain Kronos: Vampire Hunter),Horror,09-Jun-2018
581,Straight Time,Crime|Drama,29-Jun-2018
582,Elephants Dream,Animation|Fantasy|Sci-Fi,20-Apr-2018
583,"Game of Their Lives, The",Drama,31-Aug-2018
584,Zigeunerweisen (Tsigoineruwaizen),Horror|Mystery,04-Apr-2018
585,Travellers and Magicians,Adventure|Drama,22-Jan-2018
586,"10th Kingdom, The",Adventure|Comedy|Fantasy,30-Sep-2018
587,"Edison, the Man",Drama,01-Dec-2018
588,Bull Durham,Comedy|Drama|Romance,24-Nov-2018
589,"Soloist, The",Drama|Musical,04-Jan-2018
590,Taxi,Action|Comedy,20-Sep-2018
591,"Bird of the Air, A (Loop, The)",Drama|Romance,24-Mar-2018
592,"Last Witness, The",Drama|Thriller,19-Dec-2018
593,Numb,Comedy|Drama|Romance,20-Feb-2018
594,"Trial of Joan of Arc, The (Procès de Jeanne d'Arc)",Drama|War,31-Jan-2018
595,Rio Sex Comedy,Comedy|Drama,16-Aug-2018
596,The Road to Glory,Drama|War,03-Aug-2018
597,Home,Drama,10-Dec-2018
598,You and Me,Crime|Romance,30-Mar-2018
599,Lover Come Back,Comedy|Romance,23-Feb-2018
600,"Ballad of Cable Hogue, The",Comedy|Western,25-May-2018
601,What If ...,Drama,02-May-2018
602,"Incredibles, The",Action|Adventure|Animation|Children|Comedy,25-Jul-2018
603,Laws of Gravity,Drama,11-Aug-2018
604,Wrong Turn 2: Dead End,Action|Horror|Thriller,04-Jan-2018
605,"Enigma of Kaspar Hauser, The (a.k.a. Mystery of Kaspar Hauser, The) (Jeder für sich und Gott Gegen Alle)",Crime|Drama,27-Mar-2018
606,Top Banana,Comedy|Musical|Romance,30-Jul-2018
607,Playing,Documentary,19-Jan-2018
608,Breaking In,Adventure|Comedy,08-Jan-2018
609,"Cougars, Inc.",Comedy|Drama,20-Jan-2018
610,3 Little Ninjas and the Lost Treasure,Action,13-Jun-2018
611,Rudy,Drama,05-Dec-2018
612,Junebug,Comedy|Drama,30-Nov-2018
613,Violet Tendencies,Comedy|Drama|Romance,14-Jan-2018
614,Why We Fight,Documentary,04-Aug-2018
615,Everything,Drama|Mystery,25-Aug-2018
616,The Devil Thumbs a Ride,Drama|Film-Noir,08-Aug-2018
617,Uranus,Comedy|Drama,20-Jul-2018
618,Nine Lives,Drama,03-Nov-2018
619,Back Street,Drama,09-Jul-2018
620,Let the Right One In (Låt den rätte komma in),Drama|Fantasy|Horror|Romance,18-Nov-2018
621,Ziggy Stardust and the Spiders from Mars,Documentary|Musical,03-Nov-2018
622,Extraordinary Stories (Historias extraordinarias),Drama|Mystery,28-Jul-2018
623,Talking About Sex,Comedy|Drama,10-Mar-2018
624,Männerherzen... und die ganz ganz große Liebe,Comedy|Drama|Romance,17-May-2018
625,Inside Job,Documentary,23-Jan-2018
626,"Hamlet, Prince of Denmark",Drama,03-Jul-2018
627,Extraterrestrial (Extraterrestre),Comedy|Drama|Sci-Fi,28-Aug-2018
628,Nothing to Lose,Crime|Thriller,29-Dec-2017
629,"Last of Robin Hood, The",Drama,28-Aug-2018
630,"Boondock Saints II: All Saints Day, The",Action|Crime|Drama|Thriller,25-Oct-2018
631,"Private Life of Sherlock Holmes, The",Comedy|Drama|Mystery,09-Dec-2018
632,Glengarry Glen Ross,Drama,18-Jul-2018
633,The Appointments of Dennis Jennings,Comedy,08-Jan-2018
634,Inside Moves,Drama,28-Mar-2018
635,Anne of Green Gables: The Sequel (a.k.a. Anne of Avonlea),Children|Drama|Romance,27-Nov-2018
636,Harry Potter and the Chamber of Secrets,Adventure|Fantasy,10-Apr-2018
637,Salaam Cinema,Comedy|Documentary|Drama,11-Mar-2018
638,Get Carter,Action|Drama|Thriller,05-May-2018
639,This Is 40,Drama,01-Jul-2018
640,Heathers,Comedy,17-Sep-2018
641,"On Guard (Bossu, Le)",Adventure|Drama,03-Feb-2018
642,Something's Gotta Give,Comedy|Drama|Romance,28-Mar-2018
643,Monsieur Ibrahim (Monsieur Ibrahim et les fleurs du Coran),Drama,21-Feb-2018
644,Man with the Screaming Brain,Adventure|Comedy|Sci-Fi,13-Oct-2018
645,Houseguest,Comedy,13-Nov-2018
646,Lassie,Adventure|Children,03-Mar-2018
647,Rain Over Santiago (Il pleut sur Santiago),Documentary|Drama|War,13-May-2018
648,Tout ce qui brille,Comedy|Drama,18-Aug-2018
649,"World's Greatest Athlete, The",Comedy|Romance,06-Feb-2018
650,"Legally Blonde 2: Red, White & Blonde",Comedy,06-Jul-2018
651,Muppets From Space,Children|Comedy,09-Jun-2018
652,"Peace, Propaganda & the Promised Land",Documentary,15-Mar-2018
653,Illusion Of Blood,Fantasy|Horror,01-Dec-2018
654,"Icicle Thief, The (Ladri di saponette)",Comedy|Fantasy,22-Jun-2018
655,Barry Munday,Comedy,31-Jul-2018
656,Foosball (Metegol),Adventure|Animation|Romance,18-Apr-2018
657,American Pop,Animation|Musical,17-Sep-2018
658,Moll Flanders,Drama,14-May-2018
659,Born into Brothels,Documentary,27-Aug-2018
660,Employees' Entrance,Drama|Romance,10-Jan-2018
661,Max Manus,Action|Drama|War,04-Nov-2018
662,"White Diamond, The",Documentary,02-May-2018
663,"Man Who Laughs, The",Drama|Romance,22-Feb-2018
664,Boom!,Drama,08-Jan-2018
665,The Law of the Weakest,Crime|Drama|Thriller,08-Jan-2018
666,Hallam Foe (Mister Foe),Drama|Romance,29-Jan-2018
667,"Phantom Lover, The (Ye ban ge sheng)",Drama|Mystery|Romance,09-Dec-2018
668,Ichi,Action,04-Feb-2018
669,Terminal USA,Comedy,16-Mar-2018
670,All Over the Guy,Comedy,15-Mar-2018
671,God's Gun,Western,30-Dec-2017
672,Lucia,Drama|Romance|Sci-Fi|Thriller,09-Jul-2018
673,Paris Is Burning,Documentary,01-Aug-2018
674,Gosford Park,Comedy|Drama|Mystery,09-Oct-2018
675,Near Dark,Horror|Western,01-Nov-2018
676,Hometown Legend,Drama,04-Dec-2018
677,Sophie's Choice,Drama,14-Jan-2018
678,Hotline,Documentary,21-Jan-2018
679,Sundown,Drama|War,06-Jul-2018
680,"Forgotten, The",Drama|Mystery|Sci-Fi|Thriller,11-Apr-2018
681,Milius,Documentary,26-Feb-2018
682,"Fourth State, The (Die vierte Macht)",Thriller,18-Jun-2018
683,Hoosiers (a.k.a. Best Shot),Drama|Romance,10-Nov-2018
684,Rabid Dogs (Kidnapped) (Cani arrabbiati),Drama|Thriller,31-Aug-2018
685,Joyful Noise,Comedy|Musical,21-Sep-2018
686,Trembling Before G-d,Documentary,16-Dec-2018
687,Flowing (Nagareru),Drama,17-Feb-2018
688,Dead Silent,Thriller,14-Jun-2018
689,Playing for Keeps,Comedy,28-Apr-2018
690,Running from Crazy,Documentary,07-Nov-2018
691,In a Dark Place,Horror|Mystery|Thriller,24-May-2018
692,My Wife Is a Gangster 2 (Jopog manura 2: Dolaon jeonseol),Action|Comedy|Crime,02-Mar-2018
693,"Sign of Four, The",Crime|Mystery,22-Jan-2018
694,Seventh Heaven,Comedy|Romance,11-Mar-2018
695,Camp Nowhere,Adventure|Children|Comedy,26-Oct-2018
696,Jack Brooks: Monster Slayer,Action|Comedy|Horror,13-Jun-2018
697,Kanak Attack,Drama,16-Apr-2018
698,"Four Musketeers, The",Action|Adventure|Comedy|Romance,25-Dec-2018
699,Stunt Squad,Action|Crime|Thriller,17-Jul-2018
700,In the Cut,Crime|Drama|Mystery|Romance|Thriller,23-Sep-2018
701,Eila,Drama,29-Nov-2018
702,Duplex,Comedy|Crime,21-Aug-2018
703,Police Academy 2: Their First Assignment,Comedy|Crime,25-Oct-2018
704,Second Wind (Le deuxième souffle) (Second Breath),Crime|Drama|Film-Noir,18-Jan-2018
705,Anna Madelina (Ngon na ma dak lin na),Comedy|Romance,10-Apr-2018
706,Fat City,Drama,20-Jul-2018
707,Mr. Blandings Builds His Dream House,Comedy,10-Apr-2018
708,3 Simoa,Comedy,18-Feb-2018
709,"Fistful of Dollars, A (Per un pugno di dollari)",Action|Western,28-Feb-2018
710,3 Godfathers,Drama|Western,14-Mar-2018
711,Playing the Victim (Izobrazhaya zhertvu),Comedy,31-Jan-2018
712,9 1/2 Weeks (Nine 1/2 Weeks),Drama|Romance,17-Mar-2018
713,Out of the Blue (Aramoana),Crime|Drama,18-Apr-2018
714,Paper Planes,Children,20-Jan-2018
715,Tour De Force (Hin und weg),Drama,17-Nov-2018
716,Shiver (Eskalofrío),Horror|Thriller,04-Jan-2018
717,The Living Magoroku,(no genres listed),25-Nov-2018
718,Wer,Horror|Mystery|Thriller,26-Jul-2018
719,Passengers,Drama|Mystery|Thriller,14-Jul-2018
720,Thief of Hearts,Drama|Thriller,02-Oct-2018
721,Thirst (Pyaasa),Drama|Musical|Romance,04-Feb-2018
722,Romeo Must Die,Action|Crime|Romance|Thriller,28-Oct-2018
723,"Joyriders, The",Drama,29-Jul-2018
724,Reel Rock 8 ,Documentary,23-Dec-2018
725,Of Freaks and Men (Pro urodov i lyudey),Drama,22-Sep-2018
726,Analyze That,Comedy|Crime,14-Oct-2018
727,French Film,Comedy|Romance,21-Apr-2018
728,"Rimini, Rimini: A Year Later",Comedy,15-May-2018
729,Lesson of the Evil (Aku no kyôten),Thriller,03-Jun-2018
730,I'm So Excited (Los amantes pasajeros),Comedy,31-May-2018
731,Laila,Drama|Romance,24-Apr-2018
732,Under the Rainbow,Comedy,18-Aug-2018
733,Quadrille,Comedy|Romance,01-Dec-2018
734,Shadowlands,Drama|Romance,28-Oct-2018
735,Donkey Hide (Oslinaya shkura),Children|Comedy|Fantasy|Romance,04-Nov-2018
736,Time of Roses (Ruusujen aika),Sci-Fi,24-Jul-2018
737,Moonlight and Valentino,Drama|Romance,18-Nov-2018
738,Man of the Year,Documentary,11-Jul-2018
739,Duel in the Sun,Western,30-Jun-2018
740,"Outlaw, The (Lope)",Drama,20-Nov-2018
741,Heartless,Fantasy|Horror|Mystery|Thriller,23-Sep-2018
742,"Lady Vanishes, The",Drama|Mystery|Thriller,08-Jul-2018
743,"China Lake Murders, The",Drama|Thriller,05-Jun-2018
744,To Be Takei,Documentary,23-Apr-2018
745,Offside,Comedy|Drama,08-Apr-2018
746,Green Card,Comedy|Drama|Romance,13-Apr-2018
747,Half Moon (a.k.a. Niwemang),Drama|War,29-Apr-2018
748,Siddhartha,Drama,24-Sep-2018
749,Amityville: A New Generation,Horror,21-May-2018
750,Loft,Comedy|Thriller,31-Jan-2018
751,Stand by Me,Adventure|Drama,11-Aug-2018
752,Floating Weeds (Ukigusa),Drama,28-Jan-2018
753,Curse of the Oily Man (Sumpah orang minyak) ,Drama|Fantasy|Thriller,22-Mar-2018
754,"Toy, The",Comedy,09-Dec-2018
755,Bert - Den siste oskulden,(no genres listed),24-Oct-2018
756,King of Germany,Comedy,14-Dec-2018
757,Innocent Blood,Comedy|Horror,19-Jan-2018
758,"Strangers, The",Horror|Thriller,30-Jul-2018
759,Love Finds Andy Hardy,Comedy|Romance,07-May-2018
760,"Forsaken, The",Horror,06-Oct-2018
761,Willard,Drama|Horror|Thriller,09-Jul-2018
762,Love Happens,Comedy|Drama|Romance,01-Apr-2018
763,Play the Game,Comedy|Romance,11-Feb-2018
764,"Pirates Who Don't Do Anything: A VeggieTales Movie, The",Adventure|Animation|Children|Comedy,26-Oct-2018
765,"Story of Mankind, The",Drama|Fantasy,21-May-2018
766,Godzilla vs. Gigan (Chikyû kogeki meirei: Gojira tai Gaigan),Action|Adventure|Horror,16-May-2018
767,California,Romance|Western,30-Jul-2018
768,Craigslist Joe,Adventure|Documentary,10-Dec-2018
769,Firewalker,Adventure,21-Oct-2018
770,"20,000 Leagues Under the Sea",Adventure|Romance|Sci-Fi,11-Aug-2018
771,Stone of Destiny,Adventure|Comedy|Crime|Drama,15-Apr-2018
772,Outlaw,Action|Crime|Drama|Thriller,18-Jul-2018
773,"Wood, The",Drama,31-Aug-2018
774,Phantom Pain,Drama,02-May-2018
775,Mommy,Drama,24-Jun-2018
776,Pat and Mike,Comedy|Romance,23-Dec-2018
777,"King of Masks, The (Bian Lian)",Drama,11-May-2018
778,"Nibelungen: Siegfried, Die",Adventure|Drama|Fantasy,06-Sep-2018
779,Ways to Live Forever,Children|Drama,14-Jan-2018
780,Arrival II,Action|Adventure|Sci-Fi,02-May-2018
781,Winning,Action|Drama,26-Feb-2018
782,Cats & Dogs: The Revenge of Kitty Galore,Action|Children|Comedy,06-Jan-2018
783,"Complete History of My Sexual Failures, A",Comedy|Documentary,15-Oct-2018
784,"Postman, The",Action|Adventure|Drama|Sci-Fi,13-Dec-2018
785,"Django the Bastard (Strangers Gundown, The) (Django il bastardo)",Action|Thriller|Western,25-Mar-2018
786,2001: A Space Odyssey,Adventure|Drama|Sci-Fi,26-Feb-2018
787,Shoot the Moon,Drama,24-Dec-2018
788,Pulling Strings,Comedy|Romance,11-Jan-2018
789,Don't Look in the Basement!,Horror,10-Jan-2018
790,Red Lights (Feux rouges),Drama,14-Apr-2018
791,Me and the Colonel ,Comedy|War,26-Jan-2018
792,Ishq,Action|Comedy|Drama|Musical|Romance,22-Feb-2018
793,My Name Is Joe,Drama|Romance,28-Sep-2018
794,City of Ghosts,Crime|Drama|Thriller,14-Jan-2018
795,"Seagull's Laughter, The (Mávahlátur)",Comedy|Drama,19-Feb-2018
796,Kamome Diner,(no genres listed),31-Aug-2018
797,Feeding Frenzy,Comedy|Horror,05-Mar-2018
798,Ragtime,Drama,11-Aug-2018
799,"Davy Crockett, King of the Wild Frontier",Adventure|Western,13-Dec-2018
800,Maverick,Adventure|Comedy|Western,26-Jan-2018
801,Moving Out,Drama,16-Jul-2018
802,Kid Millions,Comedy|Musical,31-Jul-2018
803,"Seasoning House, The",Horror|Thriller,07-Mar-2018
804,Ghost Adventures,Documentary,16-Feb-2018
805,"Trans-Atlantic Tunnel (Tunnel, The)",Drama|Sci-Fi,22-Dec-2018
806,Django 2: Django Strikes Again,Western,30-Jul-2018
807,Viva Knievel!,Action,19-Oct-2018
808,Shoot-Out at Medicine Bend,Western,30-Aug-2018
809,Attack the Gas Station! (Juyuso seubgyuksageun),Comedy|Crime,16-Mar-2018
810,Critical Care,Comedy|Drama,16-May-2018
811,Bertsolari,Documentary,12-Nov-2018
812,Feds,Comedy,30-Apr-2018
813,"Detonator, The",Action|Thriller,16-Aug-2018
814,Fantomas Unleashed,Adventure|Comedy|Crime|Fantasy,14-Nov-2018
815,Battle of the Warriors,Action|Drama|War,12-Sep-2018
816,Road to Nowhere,Romance|Thriller,05-Jun-2018
817,13,Thriller,06-May-2018
818,"Snow Walker, The",Adventure|Drama,22-Jun-2018
819,True Grit,Adventure|Drama|Western,02-Mar-2018
820,Condo Painting,Documentary,20-Jun-2018
821,Butterfly Girl,Documentary,02-Jul-2018
822,Gates of Heaven,Documentary,29-Jun-2018
823,"Little Indian, Big City (Un indien dans la ville)",Adventure|Children|Comedy,08-Dec-2018
824,"Rabid Grannies (Mémés cannibales, Les)",Comedy|Horror,03-Dec-2018
825,Fados,Documentary|Musical,09-Feb-2018
826,"Purple Plain, The",Drama|War,28-Apr-2018
827,2 ou 3 choses que je sais d'elle (2 or 3 Things I Know About Her),Drama,16-Sep-2018
828,"Experiment, The",Drama|Thriller,15-Mar-2018
829,Joni's Promise,Comedy,07-Jan-2018
830,Lucky Jordan,Comedy|Crime|Drama,06-Mar-2018
831,Cube Zero,Horror|Mystery|Sci-Fi|Thriller,03-Feb-2018
832,Papa's Delicate Condition,Comedy,24-Dec-2018
833,Motivational Growth,Comedy|Horror,16-Jul-2018
834,Travels with My Aunt,Adventure|Comedy|Drama,08-Sep-2018
835,"Fuehrer's Face, Der",Animation|War,27-Jan-2018
836,"Crow, The: Wicked Prayer",Action|Adventure|Fantasy|Thriller,11-Jun-2018
837,"Bruno (Dress Code, The)",Comedy|Drama,26-Jun-2018
838,Red Flag,Comedy|Drama|Romance,12-Mar-2018
839,Big Bully,Comedy|Drama,12-Feb-2018
840,"Mighty Ducks, The",Children|Comedy,26-Apr-2018
841,Radio Flyer,Drama,13-Oct-2018
842,Rape Me (Baise-moi),Crime|Drama|Thriller,30-Jun-2018
843,9 Month Stretch (9 mois ferme),Comedy,09-Nov-2018
844,Band of Brothers,Action|Drama|War,24-Mar-2018
845,"Guide for the Married Man, A",Comedy,12-Sep-2018
846,Bad Boy (Dawg),Comedy|Drama|Romance,19-May-2018
847,Metrobranding,Documentary,14-Feb-2018
848,I aionia epistrofi tou Antoni Paraskeva,Drama,09-Oct-2018
849,"Man from Snowy River, The",Drama|Romance|Western,09-Jun-2018
850,"Witches of Eastwick, The",Comedy|Fantasy|Horror|Thriller,09-Aug-2018
851,"Kentucky Fried Movie, The",Comedy,22-Nov-2018
852,Boys Don't Cry,Drama,26-Sep-2018
853,"Joy Luck Club, The",Drama|Romance,20-Feb-2018
854,Footprints on the Moon (Le orme) (Primal Impulse),Mystery|Thriller,13-May-2018
855,Made for Each Other,Comedy,22-Oct-2018
856,"Carey Treatment, The",Mystery,02-Mar-2018
857,"Last Taboo, The",Documentary,30-Mar-2018
858,Violette (Violette Nozière),Crime|Drama|Thriller,01-May-2018
859,The Youngest Profession,Comedy|Romance,19-Nov-2018
860,Girl Shy,Action|Comedy|Drama|Romance,30-Mar-2018
861,"Enemy of the People, An",Drama,22-Sep-2018
862,"Fighting Prince of Donegal, The",Action|Adventure,05-Apr-2018
863,Scenes from a Mall,Comedy,08-May-2018
864,Murderball,Documentary,12-Oct-2018
865,Phantom,Thriller,25-Dec-2018
866,School of Rock,Comedy|Musical,02-Jun-2018
867,Women Without Men (Zanan-e bedun-e mardan),Drama,15-Jun-2018
868,"Swarm, The",Action|Horror|Sci-Fi,06-Nov-2018
869,Troy,Action|Adventure|Drama|War,22-Nov-2018
870,Shepherd,Sci-Fi,14-Apr-2018
871,If These Walls Could Talk,Drama,03-Oct-2018
872,Hollywood Shuffle,Comedy,16-Mar-2018
873,Peter & the Wolf,Animation|Musical,28-Sep-2018
874,"Eternal Return, The (L'éternel retour)",Drama|Romance,12-Nov-2018
875,Top Floor Left Wing (Dernier étage gauche gauche),Action|Comedy|Drama,01-Jun-2018
876,People Like Us,Drama,26-Aug-2018
877,Who's That Girl?,Comedy,04-Jul-2018
878,It,Drama|Fantasy|Horror|Mystery|Thriller,21-Nov-2018
879,Tomorrow Night,Comedy|Drama,04-Jul-2018
880,Adventures of Tarzan,Action|Adventure,10-Nov-2018
881,$9.99,Animation,15-Feb-2018
882,"Bridesmaid, The (Demoiselle d'honneur, La)",Drama|Romance|Thriller,18-Mar-2018
883,"Three Marias, The (Três Marias, As)",Drama,28-Jun-2018
884,Mayor of the Sunset Strip,Documentary,08-Feb-2018
885,The Nativity,Children|Drama,04-Oct-2018
886,"Cold Water (Eau Froide, L')",Drama,12-Jul-2018
887,American Grindhouse,Documentary,26-Nov-2018
888,Freud: The Secret Passion,Drama,23-Nov-2018
889,Inferno,Drama,21-Sep-2018
890,"Golden Child, The",Action|Adventure|Comedy|Fantasy|Mystery,14-Mar-2018
891,Mad Money,Comedy|Crime|Thriller,18-Feb-2018
892,Rivers and Tides,Documentary,16-Oct-2018
893,Shed No Tears (Känn ingen sorg),Drama|Musical|Romance,10-Jun-2018
894,"Move Over, Darling",Comedy|Romance,16-Mar-2018
895,"Sunfish, The (Klumpfisken)",Drama,01-Feb-2018
896,Damage (Fatale),Drama,31-Mar-2018
897,Trust,Comedy|Drama|Romance,30-Aug-2018
898,Broken English,Comedy|Drama|Romance,18-Jul-2018
899,Mutant Chronicles,Action|Adventure|Sci-Fi,10-Mar-2018
900,Perfume: The Story of a Murderer,Crime|Drama|Thriller,13-May-2018
901,Mistress,Comedy,11-Jul-2018
902,Providence,Drama,08-Dec-2018
903,"Marine, The",Action|Drama|Thriller,25-Mar-2018
904,Spend It All,Documentary,30-Mar-2018
905,Employees' Entrance,Drama|Romance,04-May-2018
906,Tap,Drama,01-Oct-2018
907,How to Cook Your Life,Documentary,19-Oct-2018
908,Face of a Fugitive,Western,25-Aug-2018
909,Before and After,Drama|Mystery,13-Mar-2018
910,Those Awful Hats,Comedy,03-Aug-2018
911,Possessed,Drama|Romance,17-Oct-2018
912,"Sometimes Happiness, Sometimes Sorrow (Kabhi Khushi Kabhie Gham)",Drama|Musical|Romance,18-Jul-2018
913,Alice,Action|Adventure|Fantasy,01-Nov-2018
914,My Dear Enemy (Meotjin haru),Drama|Romance,06-Apr-2018
915,True Grit,Western,09-Mar-2018
916,Familia,Comedy,27-Aug-2018
917,Fiend with the Electronic Brain (Blood of Ghastly Horror),Horror|Sci-Fi,13-Jul-2018
918,Executioners (Xian dai hao xia zhuan),Action|Comedy|Sci-Fi,04-Jul-2018
919,"Long Voyage Home, The",Drama|War,31-Jul-2018
920,"Cowboy and the Lady, The",Comedy|Drama|Romance|Western,21-Apr-2018
921,"King of Ping Pong, The (Ping-pongkingen)",Drama,21-May-2018
922,Trouble Bound,Action|Comedy,11-Aug-2018
923,"Nada Gang, The (Nada)",Thriller,25-Apr-2018
924,"Bigger, Stronger, Faster*",Documentary,26-Sep-2018
925,Dead Man's Shoes,Crime|Thriller,05-Apr-2018
926,Toy Story 2,Adventure|Animation|Children|Comedy|Fantasy,04-Nov-2018
927,Year of the Horse,Documentary,16-May-2018
928,"Monster in Paris, A (Un monstre à Paris)",Adventure|Animation|Children,26-Nov-2018
929,Bogowie,Drama,22-Jul-2018
930,King Kelly,Drama,30-Apr-2018
931,Heavens Fall,Drama,06-Oct-2018
932,Jerry and Tom,Comedy|Crime|Drama,17-Jun-2018
933,Industrial Symphony No. 1: The Dream of the Brokenhearted,Drama,30-Nov-2018
934,Bustin' Down the Door,Documentary,30-Jan-2018
935,"Heaven Knows, Mr. Allison",Drama|War,11-Jul-2018
936,Home Sweet Home,Comedy,15-Aug-2018
937,"Woods, The",Horror,07-Oct-2018
938,Stage Door,Drama,15-Feb-2018
939,Crime and Punishment,Drama,31-Dec-2017
940,"Honey, I Blew Up the Kid",Children|Comedy|Sci-Fi,12-Nov-2018
941,Boxing Gym,Documentary,14-Sep-2018
942,Semi-Pro,Comedy,06-Feb-2018
943,"Streaks, The (Pregi)",Drama,12-Aug-2018
944,Argentina latente,Documentary,09-Dec-2018
945,Persuasion,Drama|Romance,22-Sep-2018
946,"Chosen, The",Drama,11-Jun-2018
947,Macabre,Horror|Thriller,01-Oct-2018
948,Aqua Teen Hunger Force Colon Movie Film for Theaters,Action|Adventure|Animation|Comedy|Fantasy|Mystery|Sci-Fi,15-Oct-2018
949,Past Midnight,Horror|Thriller,13-Nov-2018
950,Life for Sale (Kotirauha),Drama,09-Sep-2018
951,"Girl in the Café, The",Drama|Romance,06-Jun-2018
952,Plastic Paradise: The Great Pacific Garbage Patch,Documentary,29-Jan-2018
953,Pohjanmaa,Drama,18-Jun-2018
954,"Trouble with Girls, The",Comedy|Drama,14-Jun-2018
955,Requiem for a Dream,Drama,18-Jul-2018
956,High on Crack Street: Lost Lives in Lowell,Documentary,12-Dec-2018
957,Flushed Away,Animation|Comedy,06-Jan-2018
958,"Other Side of the Bed, The (Otro lado de la cama, El)",Comedy|Drama|Musical|Romance,07-Feb-2018
959,The Slap,Comedy|Drama|Romance,27-Dec-2018
960,"Time Machine, The",Action|Adventure|Sci-Fi,13-Sep-2018
961,Tremors II: Aftershocks,Comedy|Horror|Sci-Fi,21-Feb-2018
962,FBI: Frikis buscan incordiar,(no genres listed),10-Apr-2018
963,Laws of Attraction,Comedy|Romance,23-Nov-2018
964,Gold Diggers of 1933,Musical,16-Mar-2018
965,Robinson Crusoe on Mars,Sci-Fi,24-Dec-2018
966,2081,Action|Sci-Fi,20-Apr-2018
967,Hood of the Living Dead,Horror,16-Feb-2018
968,Blood Ties,Crime|Drama|Thriller,06-Jul-2018
969,What If,Comedy|Drama|Romance,01-May-2018
970,Knute Rockne All American,Drama,04-Jun-2018
971,"Guns of Fort Petticoat, The",War|Western,17-Mar-2018
972,Blind,Drama,03-Jul-2018
973,Eden,Crime|Drama,28-Aug-2018
974,Kozara,Drama|War,12-Oct-2018
975,Planet Ocean,Documentary,16-Jun-2018
976,Wuthering Heights,Drama,04-May-2018
977,Asier ETA biok,Documentary,18-Mar-2018
978,As You Like It,Comedy|Drama|Romance,30-Jun-2018
979,Possessed,Drama|Film-Noir,04-Dec-2018
980,Young Man with a Horn,Drama|Musical|Romance,10-Jul-2018
981,High School Hellcats,Crime|Drama,31-Aug-2018
982,Our Little Differences (Die feinen Unterschiede),Drama,28-May-2018
983,Must Read After My Death,Documentary,28-Dec-2018
984,Next Door (Naboer),Horror|Mystery|Thriller,26-May-2018
985,"Simple Plan, A",Crime|Drama|Thriller,22-Jun-2018
986,"Fast Runner, The (Atanarjuat)",Drama|Fantasy,05-Nov-2018
987,Fear No Evil,Horror,14-Sep-2018
988,I Want to Live!,Crime|Drama,15-Jun-2018
989,"Planes, Trains & Automobiles",Comedy,27-Jul-2018
990,"Abominable Snowman, The (Abominable Snowman of the Himalayas, The)",Horror|Sci-Fi,25-Nov-2018
991,Pumping Iron,Documentary,23-May-2018
992,Cinemania,Documentary,23-Jun-2018
993,These Amazing Shadows,Documentary,21-Nov-2018
994,"Hunter, The",Action|Thriller,18-Oct-2018
995,Guns of the Magnificent Seven,Action|Adventure|Drama|Western,19-Nov-2018
996,Bad Family (Paha Perhe),Comedy|Drama,05-Mar-2018
997,Tombs of the Blind Dead (La noche del terror ciego),Horror|Mystery,11-Apr-2018
998,"Thrill of It All, The",Comedy,17-Jan-2018
999,Back in Business,Action|Adventure,12-Feb-2018
1000,Heart of Glass (Herz aus Glas),Drama,15-Apr-2018
